Design Name,counter
Output Directory,/home/amey/Desktop/Digital-IC-Design-Flow-Automation/Automation_1/output
Library Path,/home/amey/Desktop/Digital-IC-Design-Flow-Automation/Automation_1/libraries
Netlist Directory,/home/amey/Desktop/Digital-IC-Design-Flow-Automation/Automation_1/netlist
Early Library Path,/home/amey/Desktop/Digital-IC-Design-Flow-Automation/Automation_1/libraries/fast_vdd1v0_basicCells.lib
Late Library Path,/home/amey/Desktop/Digital-IC-Design-Flow-Automation/Automation_1/libraries/slow_vdd1v0_basicCells.lib
Constraints File,/home/amey/Desktop/Digital-IC-Design-Flow-Automation/Automation_1/constraints/counter_constraints.csv
Captable,/home/amey/Desktop/Digital-IC-Design-Flow-Automation/Automation_1/captable/cln28hpl_1p10m+alrdl_5x2yu2yz_typical.capTbl
QRC_Tech,/home/amey/Desktop/Digital-IC-Design-Flow-Automation/Automation_1/QRC_Tech/gpdk045.tch
Technology LEF,/home/amey/Desktop/Digital-IC-Design-Flow-Automation/Automation_1/lef/gsclib045_tech.lef
Macro LEF,/home/amey/Desktop/Digital-IC-Design-Flow-Automation/Automation_1/lef/gsclib045_macro.lef
